flight_id,crew_id,role,duty_hours,departure_time,arrival_time
I55279,PIL0020,Captain,3.5,2025-09-07 18:00:00,2025-09-07 21:00:00
I55279,PIL0052,First Officer,3.5,2025-09-07 18:00:00,2025-09-07 21:00:00
I55279,CAB0152,Crew Member,3.3,2025-09-07 18:00:00,2025-09-07 21:00:00
I55279,CAB0146,Trainee,3.3,2025-09-07 18:00:00,2025-09-07 21:00:00
I5893,PIL0039,Captain,3.5,2025-09-11 09:30:00,2025-09-11 12:30:00
I5893,PIL0040,First Officer,3.5,2025-09-11 09:30:00,2025-09-11 12:30:00
I5893,CAB0185,Crew Member,3.3,2025-09-11 09:30:00,2025-09-11 12:30:00
I5893,CAB0096,Crew Member,3.3,2025-09-11 09:30:00,2025-09-11 12:30:00
I51084,PIL0011,Captain,3.5,2025-09-14 17:30:00,2025-09-14 20:30:00
I51084,PIL0013,First Officer,3.5,2025-09-14 17:30:00,2025-09-14 20:30:00
I51084,CAB0131,Crew Member,3.3,2025-09-14 17:30:00,2025-09-14 20:30:00
I51084,CAB0064,Senior Crew,3.3,2025-09-14 17:30:00,2025-09-14 20:30:00
I51318,PIL0011,Captain,2.5,2025-09-18 15:00:00,2025-09-18 17:00:00
I51318,PIL0021,First Officer,2.5,2025-09-18 15:00:00,2025-09-18 17:00:00
I51318,CAB0147,Crew Member,2.3,2025-09-18 15:00:00,2025-09-18 17:00:00
I51318,CAB0190,Crew Member,2.3,2025-09-18 15:00:00,2025-09-18 17:00:00
I55832,PIL0049,Captain,2.5,2025-09-20 09:15:00,2025-09-20 11:15:00
I55832,PIL0028,First Officer,2.5,2025-09-20 09:15:00,2025-09-20 11:15:00
I55832,CAB0070,Trainee,2.3,2025-09-20 09:15:00,2025-09-20 11:15:00
I55832,CAB0107,Trainee,2.3,2025-09-20 09:15:00,2025-09-20 11:15:00
I55688,PIL0011,Captain,2.5,2025-09-07 09:00:00,2025-09-07 11:00:00
I55688,PIL0018,First Officer,2.5,2025-09-07 09:00:00,2025-09-07 11:00:00
I55688,CAB0127,Senior Crew,2.3,2025-09-07 09:00:00,2025-09-07 11:00:00
I55688,CAB0073,Trainee,2.3,2025-09-07 09:00:00,2025-09-07 11:00:00
I58633,PIL0043,Captain,2.5,2025-09-19 13:00:00,2025-09-19 15:00:00
I58633,PIL0026,First Officer,2.5,2025-09-19 13:00:00,2025-09-19 15:00:00
I58633,CAB0132,Senior Crew,2.3,2025-09-19 13:00:00,2025-09-19 15:00:00
I58633,CAB0154,Trainee,2.3,2025-09-19 13:00:00,2025-09-19 15:00:00
I57978,PIL0015,Captain,2.5,2025-09-17 13:45:00,2025-09-17 15:45:00
I57978,PIL0023,First Officer,2.5,2025-09-17 13:45:00,2025-09-17 15:45:00
I57978,CAB0156,Trainee,2.3,2025-09-17 13:45:00,2025-09-17 15:45:00
I57978,CAB0079,Trainee,2.3,2025-09-17 13:45:00,2025-09-17 15:45:00
I52471,PIL0015,Captain,2.5,2025-09-08 16:30:00,2025-09-08 18:30:00
I52471,PIL0006,First Officer,2.5,2025-09-08 16:30:00,2025-09-08 18:30:00
I52471,CAB0188,Trainee,2.3,2025-09-08 16:30:00,2025-09-08 18:30:00
I52471,CAB0079,Trainee,2.3,2025-09-08 16:30:00,2025-09-08 18:30:00
I56405,PIL0051,Captain,3.5,2025-09-13 12:45:00,2025-09-13 15:45:00
I56405,PIL0032,First Officer,3.5,2025-09-13 12:45:00,2025-09-13 15:45:00
I56405,CAB0136,Crew Member,3.3,2025-09-13 12:45:00,2025-09-13 15:45:00
I56405,CAB0111,Senior Crew,3.3,2025-09-13 12:45:00,2025-09-13 15:45:00
I57321,PIL0011,Captain,2.5,2025-09-11 08:30:00,2025-09-11 10:30:00
I57321,PIL0021,First Officer,2.5,2025-09-11 08:30:00,2025-09-11 10:30:00
I57321,CAB0131,Crew Member,2.3,2025-09-11 08:30:00,2025-09-11 10:30:00
I57321,CAB0101,Crew Member,2.3,2025-09-11 08:30:00,2025-09-11 10:30:00
I5904,PIL0044,Captain,3.5,2025-09-15 07:00:00,2025-09-15 10:00:00
I5904,PIL0055,First Officer,3.5,2025-09-15 07:00:00,2025-09-15 10:00:00
I5904,CAB0120,Trainee,3.3,2025-09-15 07:00:00,2025-09-15 10:00:00
I5904,CAB0178,Senior Crew,3.3,2025-09-15 07:00:00,2025-09-15 10:00:00
I54325,PIL0043,Captain,2.5,2025-09-17 06:30:00,2025-09-17 08:30:00
I54325,PIL0023,First Officer,2.5,2025-09-17 06:30:00,2025-09-17 08:30:00
I54325,CAB0169,Senior Crew,2.3,2025-09-17 06:30:00,2025-09-17 08:30:00
I54325,CAB0079,Trainee,2.3,2025-09-17 06:30:00,2025-09-17 08:30:00
I55508,PIL0050,Captain,3.5,2025-09-10 08:30:00,2025-09-10 11:30:00
I55508,PIL0045,First Officer,3.5,2025-09-10 08:30:00,2025-09-10 11:30:00
I55508,CAB0145,Crew Member,3.3,2025-09-10 08:30:00,2025-09-10 11:30:00
I55508,CAB0168,Crew Member,3.3,2025-09-10 08:30:00,2025-09-10 11:30:00
I58080,PIL0024,Captain,3.5,2025-09-11 16:45:00,2025-09-11 19:45:00
I58080,PIL0033,First Officer,3.5,2025-09-11 16:45:00,2025-09-11 19:45:00
I58080,CAB0095,Trainee,3.3,2025-09-11 16:45:00,2025-09-11 19:45:00
I58080,CAB0143,Trainee,3.3,2025-09-11 16:45:00,2025-09-11 19:45:00
I52422,PIL0031,Captain,2.5,2025-09-17 16:00:00,2025-09-17 18:00:00
I52422,PIL0053,First Officer,2.5,2025-09-17 16:00:00,2025-09-17 18:00:00
I52422,CAB0102,Trainee,2.3,2025-09-17 16:00:00,2025-09-17 18:00:00
I52422,CAB0160,Trainee,2.3,2025-09-17 16:00:00,2025-09-17 18:00:00
I59255,PIL0008,Captain,2.5,2025-09-16 10:00:00,2025-09-16 12:00:00
I59255,PIL0041,First Officer,2.5,2025-09-16 10:00:00,2025-09-16 12:00:00
I59255,CAB0187,Trainee,2.3,2025-09-16 10:00:00,2025-09-16 12:00:00
I59255,CAB0179,Crew Member,2.3,2025-09-16 10:00:00,2025-09-16 12:00:00
I56838,PIL0024,Captain,2.5,2025-09-11 11:45:00,2025-09-11 13:45:00
I56838,PIL0047,First Officer,2.5,2025-09-11 11:45:00,2025-09-11 13:45:00
I56838,CAB0139,Trainee,2.3,2025-09-11 11:45:00,2025-09-11 13:45:00
I56838,CAB0115,Crew Member,2.3,2025-09-11 11:45:00,2025-09-11 13:45:00
I57086,PIL0017,Captain,2.5,2025-09-20 20:45:00,2025-09-20 22:45:00
I57086,PIL0010,First Officer,2.5,2025-09-20 20:45:00,2025-09-20 22:45:00
I57086,CAB0071,Senior Crew,2.3,2025-09-20 20:45:00,2025-09-20 22:45:00
I57086,CAB0124,Crew Member,2.3,2025-09-20 20:45:00,2025-09-20 22:45:00
I55545,PIL0038,Captain,3.5,2025-09-13 15:00:00,2025-09-13 18:00:00
I55545,PIL0001,First Officer,3.5,2025-09-13 15:00:00,2025-09-13 18:00:00
I55545,CAB0185,Crew Member,3.3,2025-09-13 15:00:00,2025-09-13 18:00:00
I55545,CAB0125,Senior Crew,3.3,2025-09-13 15:00:00,2025-09-13 18:00:00
I56476,PIL0015,Captain,3.5,2025-09-20 07:00:00,2025-09-20 10:00:00
I56476,PIL0023,First Officer,3.5,2025-09-20 07:00:00,2025-09-20 10:00:00
I56476,CAB0188,Trainee,3.3,2025-09-20 07:00:00,2025-09-20 10:00:00
I56476,CAB0130,Crew Member,3.3,2025-09-20 07:00:00,2025-09-20 10:00:00
I55660,PIL0046,Captain,2.5,2025-09-17 13:15:00,2025-09-17 15:15:00
I55660,PIL0033,First Officer,2.5,2025-09-17 13:15:00,2025-09-17 15:15:00
I55660,CAB0114,Crew Member,2.3,2025-09-17 13:15:00,2025-09-17 15:15:00
I55660,CAB0106,Crew Member,2.3,2025-09-17 13:15:00,2025-09-17 15:15:00
I52528,PIL0043,Captain,3.5,2025-09-19 16:00:00,2025-09-19 19:00:00
I52528,PIL0002,First Officer,3.5,2025-09-19 16:00:00,2025-09-19 19:00:00
I52528,CAB0148,Trainee,3.3,2025-09-19 16:00:00,2025-09-19 19:00:00
I52528,CAB0154,Trainee,3.3,2025-09-19 16:00:00,2025-09-19 19:00:00
I57670,PIL0007,Captain,2.5,2025-09-08 17:15:00,2025-09-08 19:15:00
I57670,PIL0004,First Officer,2.5,2025-09-08 17:15:00,2025-09-08 19:15:00
I57670,CAB0102,Trainee,2.3,2025-09-08 17:15:00,2025-09-08 19:15:00
I57670,CAB0134,Senior Crew,2.3,2025-09-08 17:15:00,2025-09-08 19:15:00
I58572,PIL0012,Captain,3.5,2025-09-17 18:45:00,2025-09-17 21:45:00
I58572,PIL0003,First Officer,3.5,2025-09-17 18:45:00,2025-09-17 21:45:00
I58572,CAB0069,Crew Member,3.3,2025-09-17 18:45:00,2025-09-17 21:45:00
I58572,CAB0182,Senior Crew,3.3,2025-09-17 18:45:00,2025-09-17 21:45:00
I56569,PIL0035,Captain,2.5,2025-09-10 08:45:00,2025-09-10 10:45:00
I56569,PIL0033,First Officer,2.5,2025-09-10 08:45:00,2025-09-10 10:45:00
I56569,CAB0199,Trainee,2.3,2025-09-10 08:45:00,2025-09-10 10:45:00
I56569,CAB0183,Trainee,2.3,2025-09-10 08:45:00,2025-09-10 10:45:00
I56453,PIL0050,Captain,2.5,2025-09-19 17:45:00,2025-09-19 19:45:00
I56453,PIL0047,First Officer,2.5,2025-09-19 17:45:00,2025-09-19 19:45:00
I56453,CAB0183,Trainee,2.3,2025-09-19 17:45:00,2025-09-19 19:45:00
I56453,CAB0145,Crew Member,2.3,2025-09-19 17:45:00,2025-09-19 19:45:00
I54264,PIL0050,Captain,3.5,2025-09-11 07:00:00,2025-09-11 10:00:00
I54264,PIL0047,First Officer,3.5,2025-09-11 07:00:00,2025-09-11 10:00:00
I54264,CAB0128,Senior Crew,3.3,2025-09-11 07:00:00,2025-09-11 10:00:00
I54264,CAB0112,Trainee,3.3,2025-09-11 07:00:00,2025-09-11 10:00:00
I58880,PIL0054,Captain,2.5,2025-09-13 07:45:00,2025-09-13 09:45:00
I58880,PIL0028,First Officer,2.5,2025-09-13 07:45:00,2025-09-13 09:45:00
I58880,CAB0180,Crew Member,2.3,2025-09-13 07:45:00,2025-09-13 09:45:00
I58880,CAB0102,Trainee,2.3,2025-09-13 07:45:00,2025-09-13 09:45:00
I54030,PIL0031,Captain,2.5,2025-09-07 11:45:00,2025-09-07 13:45:00
I54030,PIL0028,First Officer,2.5,2025-09-07 11:45:00,2025-09-07 13:45:00
I54030,CAB0198,Senior Crew,2.3,2025-09-07 11:45:00,2025-09-07 13:45:00
I54030,CAB0103,Senior Crew,2.3,2025-09-07 11:45:00,2025-09-07 13:45:00
I57677,PIL0030,Captain,2.5,2025-09-15 18:15:00,2025-09-15 20:15:00
I57677,PIL0029,First Officer,2.5,2025-09-15 18:15:00,2025-09-15 20:15:00
I57677,CAB0135,Trainee,2.3,2025-09-15 18:15:00,2025-09-15 20:15:00
I57677,CAB0090,Trainee,2.3,2025-09-15 18:15:00,2025-09-15 20:15:00
I59205,PIL0020,Captain,3.5,2025-09-18 21:00:00,2025-09-19 00:00:00
I59205,PIL0010,First Officer,3.5,2025-09-18 21:00:00,2025-09-19 00:00:00
I59205,CAB0178,Senior Crew,3.3,2025-09-18 21:00:00,2025-09-19 00:00:00
I59205,CAB0135,Trainee,3.3,2025-09-18 21:00:00,2025-09-19 00:00:00
I55865,PIL0012,Captain,3.5,2025-09-09 13:15:00,2025-09-09 16:15:00
I55865,PIL0056,First Officer,3.5,2025-09-09 13:15:00,2025-09-09 16:15:00
I55865,CAB0080,Trainee,3.3,2025-09-09 13:15:00,2025-09-09 16:15:00
I55865,CAB0062,Senior Crew,3.3,2025-09-09 13:15:00,2025-09-09 16:15:00
6E9096,PIL0038,Captain,3.5,2025-09-08 21:00:00,2025-09-09 00:00:00
6E9096,PIL0056,First Officer,3.5,2025-09-08 21:00:00,2025-09-09 00:00:00
6E9096,CAB0074,Trainee,3.3,2025-09-08 21:00:00,2025-09-09 00:00:00
6E9096,CAB0105,Senior Crew,3.3,2025-09-08 21:00:00,2025-09-09 00:00:00
6E9096,CAB0125,Senior Crew,3.3,2025-09-08 21:00:00,2025-09-09 00:00:00
6E9096,CAB0066,Crew Member,3.3,2025-09-08 21:00:00,2025-09-09 00:00:00
6E4243,PIL0007,Captain,3.5,2025-09-16 09:00:00,2025-09-16 12:00:00
6E4243,PIL0028,First Officer,3.5,2025-09-16 09:00:00,2025-09-16 12:00:00
6E4243,CAB0070,Trainee,3.3,2025-09-16 09:00:00,2025-09-16 12:00:00
6E4243,CAB0160,Trainee,3.3,2025-09-16 09:00:00,2025-09-16 12:00:00
6E4243,CAB0118,Crew Member,3.3,2025-09-16 09:00:00,2025-09-16 12:00:00
6E4243,CAB0176,Trainee,3.3,2025-09-16 09:00:00,2025-09-16 12:00:00
6E2280,PIL0016,Captain,3.5,2025-09-16 13:00:00,2025-09-16 16:00:00
6E2280,PIL0036,First Officer,3.5,2025-09-16 13:00:00,2025-09-16 16:00:00
6E2280,CAB0086,Senior Crew,3.3,2025-09-16 13:00:00,2025-09-16 16:00:00
6E2280,CAB0117,Trainee,3.3,2025-09-16 13:00:00,2025-09-16 16:00:00
6E2280,CAB0107,Trainee,3.3,2025-09-16 13:00:00,2025-09-16 16:00:00
6E2280,CAB0191,Senior Crew,3.3,2025-09-16 13:00:00,2025-09-16 16:00:00
6E9745,PIL0057,Captain,2.5,2025-09-10 06:30:00,2025-09-10 08:30:00
6E9745,PIL0045,First Officer,2.5,2025-09-10 06:30:00,2025-09-10 08:30:00
6E9745,CAB0195,Crew Member,2.3,2025-09-10 06:30:00,2025-09-10 08:30:00
6E9745,CAB0197,Trainee,2.3,2025-09-10 06:30:00,2025-09-10 08:30:00
6E9745,CAB0143,Trainee,2.3,2025-09-10 06:30:00,2025-09-10 08:30:00
6E9745,CAB0112,Trainee,2.3,2025-09-10 06:30:00,2025-09-10 08:30:00
6E4224,PIL0016,Captain,3.5,2025-09-14 16:45:00,2025-09-14 19:45:00
6E4224,PIL0053,First Officer,3.5,2025-09-14 16:45:00,2025-09-14 19:45:00
6E4224,CAB0102,Trainee,3.3,2025-09-14 16:45:00,2025-09-14 19:45:00
6E4224,CAB0193,Senior Crew,3.3,2025-09-14 16:45:00,2025-09-14 19:45:00
6E4224,CAB0118,Crew Member,3.3,2025-09-14 16:45:00,2025-09-14 19:45:00
6E4224,CAB0070,Trainee,3.3,2025-09-14 16:45:00,2025-09-14 19:45:00
6E9965,PIL0051,Captain,3.5,2025-09-19 13:15:00,2025-09-19 16:15:00
6E9965,PIL0006,First Officer,3.5,2025-09-19 13:15:00,2025-09-19 16:15:00
6E9965,CAB0179,Crew Member,3.3,2025-09-19 13:15:00,2025-09-19 16:15:00
6E9965,CAB0093,Trainee,3.3,2025-09-19 13:15:00,2025-09-19 16:15:00
6E9965,CAB0132,Senior Crew,3.3,2025-09-19 13:15:00,2025-09-19 16:15:00
6E9965,CAB0169,Senior Crew,3.3,2025-09-19 13:15:00,2025-09-19 16:15:00
6E6883,PIL0027,Captain,3.5,2025-09-18 16:30:00,2025-09-18 19:30:00
6E6883,PIL0001,First Officer,3.5,2025-09-18 16:30:00,2025-09-18 19:30:00
6E6883,CAB0161,Crew Member,3.3,2025-09-18 16:30:00,2025-09-18 19:30:00
6E6883,CAB0137,Crew Member,3.3,2025-09-18 16:30:00,2025-09-18 19:30:00
6E6883,CAB0069,Crew Member,3.3,2025-09-18 16:30:00,2025-09-18 19:30:00
6E6883,CAB0182,Senior Crew,3.3,2025-09-18 16:30:00,2025-09-18 19:30:00
6E3664,PIL0048,Captain,3.5,2025-09-17 07:00:00,2025-09-17 10:00:00
6E3664,PIL0055,First Officer,3.5,2025-09-17 07:00:00,2025-09-17 10:00:00
6E3664,CAB0071,Senior Crew,3.3,2025-09-17 07:00:00,2025-09-17 10:00:00
6E3664,CAB0075,Crew Member,3.3,2025-09-17 07:00:00,2025-09-17 10:00:00
6E3664,CAB0144,Crew Member,3.3,2025-09-17 07:00:00,2025-09-17 10:00:00
6E3664,CAB0164,Trainee,3.3,2025-09-17 07:00:00,2025-09-17 10:00:00
6E976,PIL0044,Captain,3.5,2025-09-15 06:00:00,2025-09-15 09:00:00
6E976,PIL0052,First Officer,3.5,2025-09-15 06:00:00,2025-09-15 09:00:00
6E976,CAB0135,Trainee,3.3,2025-09-15 06:00:00,2025-09-15 09:00:00
6E976,CAB0108,Crew Member,3.3,2025-09-15 06:00:00,2025-09-15 09:00:00
6E976,CAB0126,Senior Crew,3.3,2025-09-15 06:00:00,2025-09-15 09:00:00
6E976,CAB0071,Senior Crew,3.3,2025-09-15 06:00:00,2025-09-15 09:00:00
6E6388,PIL0016,Captain,2.5,2025-09-15 09:15:00,2025-09-15 11:15:00
6E6388,PIL0004,First Officer,2.5,2025-09-15 09:15:00,2025-09-15 11:15:00
6E6388,CAB0196,Crew Member,2.3,2025-09-15 09:15:00,2025-09-15 11:15:00
6E6388,CAB0150,Trainee,2.3,2025-09-15 09:15:00,2025-09-15 11:15:00
6E6388,CAB0160,Trainee,2.3,2025-09-15 09:15:00,2025-09-15 11:15:00
6E6388,CAB0134,Senior Crew,2.3,2025-09-15 09:15:00,2025-09-15 11:15:00
6E5842,PIL0054,Captain,2.5,2025-09-10 19:30:00,2025-09-10 21:30:00
6E5842,PIL0036,First Officer,2.5,2025-09-10 19:30:00,2025-09-10 21:30:00
6E5842,CAB0098,Crew Member,2.3,2025-09-10 19:30:00,2025-09-10 21:30:00
6E5842,CAB0072,Trainee,2.3,2025-09-10 19:30:00,2025-09-10 21:30:00
6E5842,CAB0103,Senior Crew,2.3,2025-09-10 19:30:00,2025-09-10 21:30:00
6E5842,CAB0160,Trainee,2.3,2025-09-10 19:30:00,2025-09-10 21:30:00
6E7306,PIL0034,Captain,2.5,2025-09-19 19:00:00,2025-09-19 21:00:00
6E7306,PIL0029,First Officer,2.5,2025-09-19 19:00:00,2025-09-19 21:00:00
6E7306,CAB0085,Senior Crew,2.3,2025-09-19 19:00:00,2025-09-19 21:00:00
6E7306,CAB0075,Crew Member,2.3,2025-09-19 19:00:00,2025-09-19 21:00:00
6E7306,CAB0126,Senior Crew,2.3,2025-09-19 19:00:00,2025-09-19 21:00:00
6E7306,CAB0146,Trainee,2.3,2025-09-19 19:00:00,2025-09-19 21:00:00
6E7306,CAB0092,Crew Member,2.3,2025-09-19 19:00:00,2025-09-19 21:00:00
6E1140,PIL0008,Captain,2.5,2025-09-07 15:15:00,2025-09-07 17:15:00
6E1140,PIL0059,First Officer,2.5,2025-09-07 15:15:00,2025-09-07 17:15:00
6E1140,CAB0130,Crew Member,2.3,2025-09-07 15:15:00,2025-09-07 17:15:00
6E1140,CAB0188,Trainee,2.3,2025-09-07 15:15:00,2025-09-07 17:15:00
6E1140,CAB0154,Trainee,2.3,2025-09-07 15:15:00,2025-09-07 17:15:00
6E1140,CAB0179,Crew Member,2.3,2025-09-07 15:15:00,2025-09-07 17:15:00
6E1140,CAB0148,Trainee,2.3,2025-09-07 15:15:00,2025-09-07 17:15:00
6E8784,PIL0050,Captain,2.5,2025-09-20 07:30:00,2025-09-20 09:30:00
6E8784,PIL0045,First Officer,2.5,2025-09-20 07:30:00,2025-09-20 09:30:00
6E8784,CAB0143,Trainee,2.3,2025-09-20 07:30:00,2025-09-20 09:30:00
6E8784,CAB0106,Crew Member,2.3,2025-09-20 07:30:00,2025-09-20 09:30:00
6E8784,CAB0142,Trainee,2.3,2025-09-20 07:30:00,2025-09-20 09:30:00
6E8784,CAB0116,Senior Crew,2.3,2025-09-20 07:30:00,2025-09-20 09:30:00
6E8784,CAB0167,Senior Crew,2.3,2025-09-20 07:30:00,2025-09-20 09:30:00
6E1535,PIL0043,Captain,3.5,2025-09-20 10:00:00,2025-09-20 13:00:00
6E1535,PIL0002,First Officer,3.5,2025-09-20 10:00:00,2025-09-20 13:00:00
6E1535,CAB0083,Senior Crew,3.3,2025-09-20 10:00:00,2025-09-20 13:00:00
6E1535,CAB0136,Crew Member,3.3,2025-09-20 10:00:00,2025-09-20 13:00:00
6E1535,CAB0079,Trainee,3.3,2025-09-20 10:00:00,2025-09-20 13:00:00
6E1535,CAB0187,Trainee,3.3,2025-09-20 10:00:00,2025-09-20 13:00:00
6E1535,CAB0162,Crew Member,3.3,2025-09-20 10:00:00,2025-09-20 13:00:00
6E3860,PIL0038,Captain,3.5,2025-09-20 13:15:00,2025-09-20 16:15:00
6E3860,PIL0040,First Officer,3.5,2025-09-20 13:15:00,2025-09-20 16:15:00
6E3860,CAB0172,Senior Crew,3.3,2025-09-20 13:15:00,2025-09-20 16:15:00
6E3860,CAB0158,Trainee,3.3,2025-09-20 13:15:00,2025-09-20 16:15:00
6E3860,CAB0137,Crew Member,3.3,2025-09-20 13:15:00,2025-09-20 16:15:00
6E3860,CAB0185,Crew Member,3.3,2025-09-20 13:15:00,2025-09-20 16:15:00
6E3860,CAB0105,Senior Crew,3.3,2025-09-20 13:15:00,2025-09-20 16:15:00
6E3795,PIL0031,Captain,3.5,2025-09-10 18:45:00,2025-09-10 21:45:00
6E3795,PIL0036,First Officer,3.5,2025-09-10 18:45:00,2025-09-10 21:45:00
6E3795,CAB0097,Crew Member,3.3,2025-09-10 18:45:00,2025-09-10 21:45:00
6E3795,CAB0186,Senior Crew,3.3,2025-09-10 18:45:00,2025-09-10 21:45:00
6E3795,CAB0107,Trainee,3.3,2025-09-10 18:45:00,2025-09-10 21:45:00
6E3795,CAB0098,Crew Member,3.3,2025-09-10 18:45:00,2025-09-10 21:45:00
6E3795,CAB0198,Senior Crew,3.3,2025-09-10 18:45:00,2025-09-10 21:45:00
6E7088,PIL0027,Captain,3.5,2025-09-07 11:15:00,2025-09-07 14:15:00
6E7088,PIL0040,First Officer,3.5,2025-09-07 11:15:00,2025-09-07 14:15:00
6E7088,CAB0153,Crew Member,3.3,2025-09-07 11:15:00,2025-09-07 14:15:00
6E7088,CAB0066,Crew Member,3.3,2025-09-07 11:15:00,2025-09-07 14:15:00
6E7088,CAB0157,Crew Member,3.3,2025-09-07 11:15:00,2025-09-07 14:15:00
6E7088,CAB0063,Trainee,3.3,2025-09-07 11:15:00,2025-09-07 14:15:00
6E7088,CAB0080,Trainee,3.3,2025-09-07 11:15:00,2025-09-07 14:15:00
6E7340,PIL0035,Captain,2.5,2025-09-15 11:30:00,2025-09-15 13:30:00
6E7340,PIL0060,First Officer,2.5,2025-09-15 11:30:00,2025-09-15 13:30:00
6E7340,CAB0181,Trainee,2.3,2025-09-15 11:30:00,2025-09-15 13:30:00
6E7340,CAB0123,Senior Crew,2.3,2025-09-15 11:30:00,2025-09-15 13:30:00
6E7340,CAB0139,Trainee,2.3,2025-09-15 11:30:00,2025-09-15 13:30:00
6E7340,CAB0116,Senior Crew,2.3,2025-09-15 11:30:00,2025-09-15 13:30:00
6E7340,CAB0140,Crew Member,2.3,2025-09-15 11:30:00,2025-09-15 13:30:00
6E1725,PIL0019,Captain,2.5,2025-09-08 12:15:00,2025-09-08 14:15:00
6E1725,PIL0001,First Officer,2.5,2025-09-08 12:15:00,2025-09-08 14:15:00
6E1725,CAB0062,Senior Crew,2.3,2025-09-08 12:15:00,2025-09-08 14:15:00
6E1725,CAB0119,Senior Crew,2.3,2025-09-08 12:15:00,2025-09-08 14:15:00
6E1725,CAB0182,Senior Crew,2.3,2025-09-08 12:15:00,2025-09-08 14:15:00
6E1725,CAB0158,Trainee,2.3,2025-09-08 12:15:00,2025-09-08 14:15:00
6E1725,CAB0074,Trainee,2.3,2025-09-08 12:15:00,2025-09-08 14:15:00
6E4624,PIL0007,Captain,2.5,2025-09-14 08:15:00,2025-09-14 10:15:00
6E4624,PIL0037,First Officer,2.5,2025-09-14 08:15:00,2025-09-14 10:15:00
6E4624,CAB0070,Trainee,2.3,2025-09-14 08:15:00,2025-09-14 10:15:00
6E4624,CAB0180,Crew Member,2.3,2025-09-14 08:15:00,2025-09-14 10:15:00
6E4624,CAB0081,Trainee,2.3,2025-09-14 08:15:00,2025-09-14 10:15:00
6E4624,CAB0098,Crew Member,2.3,2025-09-14 08:15:00,2025-09-14 10:15:00
6E4624,CAB0186,Senior Crew,2.3,2025-09-14 08:15:00,2025-09-14 10:15:00
6E3435,PIL0049,Captain,3.5,2025-09-13 08:45:00,2025-09-13 11:45:00
6E3435,PIL0037,First Officer,3.5,2025-09-13 08:45:00,2025-09-13 11:45:00
6E3435,CAB0198,Senior Crew,3.3,2025-09-13 08:45:00,2025-09-13 11:45:00
6E3435,CAB0134,Senior Crew,3.3,2025-09-13 08:45:00,2025-09-13 11:45:00
6E3435,CAB0077,Crew Member,3.3,2025-09-13 08:45:00,2025-09-13 11:45:00
6E3435,CAB0141,Senior Crew,3.3,2025-09-13 08:45:00,2025-09-13 11:45:00
6E3435,CAB0149,Trainee,3.3,2025-09-13 08:45:00,2025-09-13 11:45:00
6E335,PIL0057,Captain,2.5,2025-09-11 13:30:00,2025-09-11 15:30:00
6E335,PIL0045,First Officer,2.5,2025-09-11 13:30:00,2025-09-11 15:30:00
6E335,CAB0123,Senior Crew,2.3,2025-09-11 13:30:00,2025-09-11 15:30:00
6E335,CAB0106,Crew Member,2.3,2025-09-11 13:30:00,2025-09-11 15:30:00
6E335,CAB0140,Crew Member,2.3,2025-09-11 13:30:00,2025-09-11 15:30:00
6E335,CAB0145,Crew Member,2.3,2025-09-11 13:30:00,2025-09-11 15:30:00
6E335,CAB0199,Trainee,2.3,2025-09-11 13:30:00,2025-09-11 15:30:00
6E7468,PIL0005,Captain,3.5,2025-09-17 19:45:00,2025-09-17 22:45:00
6E7468,PIL0042,First Officer,3.5,2025-09-17 19:45:00,2025-09-17 22:45:00
6E7468,CAB0126,Senior Crew,3.3,2025-09-17 19:45:00,2025-09-17 22:45:00
6E7468,CAB0146,Trainee,3.3,2025-09-17 19:45:00,2025-09-17 22:45:00
6E7468,CAB0075,Crew Member,3.3,2025-09-17 19:45:00,2025-09-17 22:45:00
6E7468,CAB0089,Crew Member,3.3,2025-09-17 19:45:00,2025-09-17 22:45:00
6E7468,CAB0129,Trainee,3.3,2025-09-17 19:45:00,2025-09-17 22:45:00
6E8746,PIL0057,Captain,3.5,2025-09-07 15:00:00,2025-09-07 18:00:00
6E8746,PIL0047,First Officer,3.5,2025-09-07 15:00:00,2025-09-07 18:00:00
6E8746,CAB0197,Trainee,3.3,2025-09-07 15:00:00,2025-09-07 18:00:00
6E8746,CAB0112,Trainee,3.3,2025-09-07 15:00:00,2025-09-07 18:00:00
6E8746,CAB0128,Senior Crew,3.3,2025-09-07 15:00:00,2025-09-07 18:00:00
6E8746,CAB0109,Crew Member,3.3,2025-09-07 15:00:00,2025-09-07 18:00:00
6E8746,CAB0140,Crew Member,3.3,2025-09-07 15:00:00,2025-09-07 18:00:00
6E9542,PIL0044,Captain,3.5,2025-09-13 20:45:00,2025-09-13 23:45:00
6E9542,PIL0052,First Officer,3.5,2025-09-13 20:45:00,2025-09-13 23:45:00
6E9542,CAB0120,Trainee,3.3,2025-09-13 20:45:00,2025-09-13 23:45:00
6E9542,CAB0159,Senior Crew,3.3,2025-09-13 20:45:00,2025-09-13 23:45:00
6E9542,CAB0155,Crew Member,3.3,2025-09-13 20:45:00,2025-09-13 23:45:00
6E9542,CAB0124,Crew Member,3.3,2025-09-13 20:45:00,2025-09-13 23:45:00
6E9542,CAB0144,Crew Member,3.3,2025-09-13 20:45:00,2025-09-13 23:45:00
6E7201,PIL0019,Captain,3.5,2025-09-17 07:00:00,2025-09-17 10:00:00
6E7201,PIL0003,First Officer,3.5,2025-09-17 07:00:00,2025-09-17 10:00:00
6E7201,CAB0161,Crew Member,3.3,2025-09-17 07:00:00,2025-09-17 10:00:00
6E7201,CAB0157,Crew Member,3.3,2025-09-17 07:00:00,2025-09-17 10:00:00
6E7201,CAB0158,Trainee,3.3,2025-09-17 07:00:00,2025-09-17 10:00:00
6E7201,CAB0062,Senior Crew,3.3,2025-09-17 07:00:00,2025-09-17 10:00:00
6E7201,CAB0172,Senior Crew,3.3,2025-09-17 07:00:00,2025-09-17 10:00:00
6E8070,PIL0012,Captain,2.5,2025-09-11 17:45:00,2025-09-11 19:45:00
6E8070,PIL0003,First Officer,2.5,2025-09-11 17:45:00,2025-09-11 19:45:00
6E8070,CAB0113,Trainee,2.3,2025-09-11 17:45:00,2025-09-11 19:45:00
6E8070,CAB0119,Senior Crew,2.3,2025-09-11 17:45:00,2025-09-11 19:45:00
6E8070,CAB0080,Trainee,2.3,2025-09-11 17:45:00,2025-09-11 19:45:00
6E8070,CAB0157,Crew Member,2.3,2025-09-11 17:45:00,2025-09-11 19:45:00
6E8070,CAB0062,Senior Crew,2.3,2025-09-11 17:45:00,2025-09-11 19:45:00
6E6909,PIL0020,Captain,2.5,2025-09-14 08:30:00,2025-09-14 10:30:00
6E6909,PIL0042,First Officer,2.5,2025-09-14 08:30:00,2025-09-14 10:30:00
6E6909,CAB0155,Crew Member,2.3,2025-09-14 08:30:00,2025-09-14 10:30:00
6E6909,CAB0129,Trainee,2.3,2025-09-14 08:30:00,2025-09-14 10:30:00
6E6909,CAB0092,Crew Member,2.3,2025-09-14 08:30:00,2025-09-14 10:30:00
6E6909,CAB0135,Trainee,2.3,2025-09-14 08:30:00,2025-09-14 10:30:00
6E6909,CAB0120,Trainee,2.3,2025-09-14 08:30:00,2025-09-14 10:30:00
6E6909,CAB0085,Senior Crew,2.3,2025-09-14 08:30:00,2025-09-14 10:30:00
6E1631,PIL0016,Captain,2.5,2025-09-16 11:30:00,2025-09-16 13:30:00
6E1631,PIL0004,First Officer,2.5,2025-09-16 11:30:00,2025-09-16 13:30:00
6E1631,CAB0097,Crew Member,2.3,2025-09-16 11:30:00,2025-09-16 13:30:00
6E1631,CAB0149,Trainee,2.3,2025-09-16 11:30:00,2025-09-16 13:30:00
6E1631,CAB0081,Trainee,2.3,2025-09-16 11:30:00,2025-09-16 13:30:00
6E1631,CAB0091,Crew Member,2.3,2025-09-16 11:30:00,2025-09-16 13:30:00
6E1631,CAB0107,Trainee,2.3,2025-09-16 11:30:00,2025-09-16 13:30:00
6E1631,CAB0072,Trainee,2.3,2025-09-16 11:30:00,2025-09-16 13:30:00
6E1088,PIL0054,Captain,3.5,2025-09-11 16:45:00,2025-09-11 19:45:00
6E1088,PIL0037,First Officer,3.5,2025-09-11 16:45:00,2025-09-11 19:45:00
6E1088,CAB0192,Senior Crew,3.3,2025-09-11 16:45:00,2025-09-11 19:45:00
6E1088,CAB0141,Senior Crew,3.3,2025-09-11 16:45:00,2025-09-11 19:45:00
6E1088,CAB0186,Senior Crew,3.3,2025-09-11 16:45:00,2025-09-11 19:45:00
6E1088,CAB0118,Crew Member,3.3,2025-09-11 16:45:00,2025-09-11 19:45:00
6E1088,CAB0174,Trainee,3.3,2025-09-11 16:45:00,2025-09-11 19:45:00
6E1088,CAB0072,Trainee,3.3,2025-09-11 16:45:00,2025-09-11 19:45:00
6E1198,PIL0008,Captain,2.5,2025-09-20 09:15:00,2025-09-20 11:15:00
6E1198,PIL0026,First Officer,2.5,2025-09-20 09:15:00,2025-09-20 11:15:00
6E1198,CAB0132,Senior Crew,2.3,2025-09-20 09:15:00,2025-09-20 11:15:00
6E1198,CAB0122,Crew Member,2.3,2025-09-20 09:15:00,2025-09-20 11:15:00
6E1198,CAB0200,Trainee,2.3,2025-09-20 09:15:00,2025-09-20 11:15:00
6E1198,CAB0110,Crew Member,2.3,2025-09-20 09:15:00,2025-09-20 11:15:00
6E1198,CAB0188,Trainee,2.3,2025-09-20 09:15:00,2025-09-20 11:15:00
6E1198,CAB0162,Crew Member,2.3,2025-09-20 09:15:00,2025-09-20 11:15:00
6E3142,PIL0024,Captain,3.5,2025-09-16 12:00:00,2025-09-16 15:00:00
6E3142,PIL0060,First Officer,3.5,2025-09-16 12:00:00,2025-09-16 15:00:00
6E3142,CAB0167,Senior Crew,3.3,2025-09-16 12:00:00,2025-09-16 15:00:00
6E3142,CAB0183,Trainee,3.3,2025-09-16 12:00:00,2025-09-16 15:00:00
6E3142,CAB0094,Senior Crew,3.3,2025-09-16 12:00:00,2025-09-16 15:00:00
6E3142,CAB0199,Trainee,3.3,2025-09-16 12:00:00,2025-09-16 15:00:00
6E3142,CAB0123,Senior Crew,3.3,2025-09-16 12:00:00,2025-09-16 15:00:00
6E3142,CAB0109,Crew Member,3.3,2025-09-16 12:00:00,2025-09-16 15:00:00
6E1804,PIL0007,Captain,3.5,2025-09-19 14:00:00,2025-09-19 17:00:00
6E1804,PIL0053,First Officer,3.5,2025-09-19 14:00:00,2025-09-19 17:00:00
6E1804,CAB0192,Senior Crew,3.3,2025-09-19 14:00:00,2025-09-19 17:00:00
6E1804,CAB0196,Crew Member,3.3,2025-09-19 14:00:00,2025-09-19 17:00:00
6E1804,CAB0149,Trainee,3.3,2025-09-19 14:00:00,2025-09-19 17:00:00
6E1804,CAB0081,Trainee,3.3,2025-09-19 14:00:00,2025-09-19 17:00:00
6E1804,CAB0098,Crew Member,3.3,2025-09-19 14:00:00,2025-09-19 17:00:00
6E1804,CAB0177,Senior Crew,3.3,2025-09-19 14:00:00,2025-09-19 17:00:00
6E6513,PIL0051,Captain,2.5,2025-09-09 10:00:00,2025-09-09 12:00:00
6E6513,PIL0023,First Officer,2.5,2025-09-09 10:00:00,2025-09-09 12:00:00
6E6513,CAB0169,Senior Crew,2.3,2025-09-09 10:00:00,2025-09-09 12:00:00
6E6513,CAB0076,Senior Crew,2.3,2025-09-09 10:00:00,2025-09-09 12:00:00
6E6513,CAB0093,Trainee,2.3,2025-09-09 10:00:00,2025-09-09 12:00:00
6E6513,CAB0200,Trainee,2.3,2025-09-09 10:00:00,2025-09-09 12:00:00
6E6513,CAB0065,Trainee,2.3,2025-09-09 10:00:00,2025-09-09 12:00:00
6E6513,CAB0083,Senior Crew,2.3,2025-09-09 10:00:00,2025-09-09 12:00:00
6E4332,PIL0019,Captain,3.5,2025-09-17 12:00:00,2025-09-17 15:00:00
6E4332,PIL0056,First Officer,3.5,2025-09-17 12:00:00,2025-09-17 15:00:00
6E4332,CAB0137,Crew Member,3.3,2025-09-17 12:00:00,2025-09-17 15:00:00
6E4332,CAB0063,Trainee,3.3,2025-09-17 12:00:00,2025-09-17 15:00:00
6E4332,CAB0069,Crew Member,3.3,2025-09-17 12:00:00,2025-09-17 15:00:00
6E4332,CAB0066,Crew Member,3.3,2025-09-17 12:00:00,2025-09-17 15:00:00
6E4332,CAB0153,Crew Member,3.3,2025-09-17 12:00:00,2025-09-17 15:00:00
6E4332,CAB0074,Trainee,3.3,2025-09-17 12:00:00,2025-09-17 15:00:00
6E4775,PIL0005,Captain,3.5,2025-09-08 16:00:00,2025-09-08 19:00:00
6E4775,PIL0010,First Officer,3.5,2025-09-08 16:00:00,2025-09-08 19:00:00
6E4775,CAB0085,Senior Crew,3.3,2025-09-08 16:00:00,2025-09-08 19:00:00
6E4775,CAB0173,Crew Member,3.3,2025-09-08 16:00:00,2025-09-08 19:00:00
6E4775,CAB0092,Crew Member,3.3,2025-09-08 16:00:00,2025-09-08 19:00:00
6E4775,CAB0178,Senior Crew,3.3,2025-09-08 16:00:00,2025-09-08 19:00:00
6E4775,CAB0090,Trainee,3.3,2025-09-08 16:00:00,2025-09-08 19:00:00
6E4775,CAB0089,Crew Member,3.3,2025-09-08 16:00:00,2025-09-08 19:00:00
6E1954,PIL0017,Captain,2.5,2025-09-09 13:30:00,2025-09-09 15:30:00
6E1954,PIL0042,First Officer,2.5,2025-09-09 13:30:00,2025-09-09 15:30:00
6E1954,CAB0129,Trainee,2.3,2025-09-09 13:30:00,2025-09-09 15:30:00
6E1954,CAB0092,Crew Member,2.3,2025-09-09 13:30:00,2025-09-09 15:30:00
6E1954,CAB0155,Crew Member,2.3,2025-09-09 13:30:00,2025-09-09 15:30:00
6E1954,CAB0159,Senior Crew,2.3,2025-09-09 13:30:00,2025-09-09 15:30:00
6E1954,CAB0085,Senior Crew,2.3,2025-09-09 13:30:00,2025-09-09 15:30:00
6E1954,CAB0120,Trainee,2.3,2025-09-09 13:30:00,2025-09-09 15:30:00
6E8493,PIL0015,Captain,2.5,2025-09-11 15:00:00,2025-09-11 17:00:00
6E8493,PIL0032,First Officer,2.5,2025-09-11 15:00:00,2025-09-11 17:00:00
6E8493,CAB0093,Trainee,2.3,2025-09-11 15:00:00,2025-09-11 17:00:00
6E8493,CAB0156,Trainee,2.3,2025-09-11 15:00:00,2025-09-11 17:00:00
6E8493,CAB0061,Senior Crew,2.3,2025-09-11 15:00:00,2025-09-11 17:00:00
6E8493,CAB0194,Trainee,2.3,2025-09-11 15:00:00,2025-09-11 17:00:00
6E8493,CAB0076,Senior Crew,2.3,2025-09-11 15:00:00,2025-09-11 17:00:00
6E8493,CAB0162,Crew Member,2.3,2025-09-11 15:00:00,2025-09-11 17:00:00
6E6745,PIL0051,Captain,2.5,2025-09-08 19:15:00,2025-09-08 21:15:00
6E6745,PIL0059,First Officer,2.5,2025-09-08 19:15:00,2025-09-08 21:15:00
6E6745,CAB0099,Trainee,2.3,2025-09-08 19:15:00,2025-09-08 21:15:00
6E6745,CAB0065,Trainee,2.3,2025-09-08 19:15:00,2025-09-08 21:15:00
6E6745,CAB0187,Trainee,2.3,2025-09-08 19:15:00,2025-09-08 21:15:00
6E6745,CAB0162,Crew Member,2.3,2025-09-08 19:15:00,2025-09-08 21:15:00
6E6745,CAB0200,Trainee,2.3,2025-09-08 19:15:00,2025-09-08 21:15:00
6E6745,CAB0061,Senior Crew,2.3,2025-09-08 19:15:00,2025-09-08 21:15:00
6E6952,PIL0008,Captain,2.5,2025-09-16 20:15:00,2025-09-16 22:15:00
6E6952,PIL0032,First Officer,2.5,2025-09-16 20:15:00,2025-09-16 22:15:00
6E6952,CAB0065,Trainee,2.3,2025-09-16 20:15:00,2025-09-16 22:15:00
6E6952,CAB0156,Trainee,2.3,2025-09-16 20:15:00,2025-09-16 22:15:00
6E6952,CAB0169,Senior Crew,2.3,2025-09-16 20:15:00,2025-09-16 22:15:00
6E6952,CAB0136,Crew Member,2.3,2025-09-16 20:15:00,2025-09-16 22:15:00
6E6952,CAB0061,Senior Crew,2.3,2025-09-16 20:15:00,2025-09-16 22:15:00
6E6952,CAB0099,Trainee,2.3,2025-09-16 20:15:00,2025-09-16 22:15:00
I56266,PIL0030,Captain,3.5,2025-09-20 16:45:00,2025-09-20 19:45:00
I56266,PIL0029,First Officer,3.5,2025-09-20 16:45:00,2025-09-20 19:45:00
I56266,CAB0095,Trainee,3.3,2025-09-20 16:45:00,2025-09-20 19:45:00
I56266,CAB0196,Crew Member,3.3,2025-09-20 16:45:00,2025-09-20 19:45:00
I55487,PIL0049,Captain,3.5,2025-09-16 14:00:00,2025-09-16 17:00:00
I55487,PIL0059,First Officer,3.5,2025-09-16 14:00:00,2025-09-16 17:00:00
I55487,CAB0180,Crew Member,3.3,2025-09-16 14:00:00,2025-09-16 17:00:00
I55487,CAB0199,Trainee,3.3,2025-09-16 14:00:00,2025-09-16 17:00:00
I58294,PIL0035,Captain,2.5,2025-09-12 18:45:00,2025-09-12 20:45:00
I58294,PIL0055,First Officer,2.5,2025-09-12 18:45:00,2025-09-12 20:45:00
I58294,CAB0152,Crew Member,2.3,2025-09-12 18:45:00,2025-09-12 20:45:00
I58294,CAB0155,Crew Member,2.3,2025-09-12 18:45:00,2025-09-12 20:45:00
I56502,PIL0017,Captain,2.5,2025-09-11 10:15:00,2025-09-11 12:15:00
I56502,PIL0013,First Officer,2.5,2025-09-11 10:15:00,2025-09-11 12:15:00
I56502,CAB0173,Crew Member,2.3,2025-09-11 10:15:00,2025-09-11 12:15:00
I56502,CAB0064,Senior Crew,2.3,2025-09-11 10:15:00,2025-09-11 12:15:00
I53672,PIL0034,Captain,2.5,2025-09-07 18:30:00,2025-09-07 20:30:00
I53672,PIL0021,First Officer,2.5,2025-09-07 18:30:00,2025-09-07 20:30:00
I53672,CAB0177,Senior Crew,2.3,2025-09-07 18:30:00,2025-09-07 20:30:00
I53672,CAB0096,Crew Member,2.3,2025-09-07 18:30:00,2025-09-07 20:30:00
I59281,PIL0017,Captain,3.5,2025-09-17 13:30:00,2025-09-17 16:30:00
I59281,PIL0021,First Officer,3.5,2025-09-17 13:30:00,2025-09-17 16:30:00
I59281,CAB0154,Trainee,3.3,2025-09-17 13:30:00,2025-09-17 16:30:00
I59281,CAB0105,Senior Crew,3.3,2025-09-17 13:30:00,2025-09-17 16:30:00
I54905,PIL0005,Captain,3.5,2025-09-20 13:30:00,2025-09-20 16:30:00
I54905,PIL0013,First Officer,3.5,2025-09-20 13:30:00,2025-09-20 16:30:00
I54905,CAB0072,Trainee,3.3,2025-09-20 13:30:00,2025-09-20 16:30:00
I54905,CAB0167,Senior Crew,3.3,2025-09-20 13:30:00,2025-09-20 16:30:00
I5922,PIL0048,Captain,2.5,2025-09-13 15:30:00,2025-09-13 17:30:00
I5922,PIL0018,First Officer,2.5,2025-09-13 15:30:00,2025-09-13 17:30:00
I5922,CAB0177,Senior Crew,2.3,2025-09-13 15:30:00,2025-09-13 17:30:00
I5922,CAB0152,Crew Member,2.3,2025-09-13 15:30:00,2025-09-13 17:30:00
I53156,PIL0046,Captain,3.5,2025-09-08 20:45:00,2025-09-08 23:45:00
I53156,PIL0006,First Officer,3.5,2025-09-08 20:45:00,2025-09-08 23:45:00
I53156,CAB0083,Senior Crew,3.3,2025-09-08 20:45:00,2025-09-08 23:45:00
I53156,CAB0141,Senior Crew,3.3,2025-09-08 20:45:00,2025-09-08 23:45:00
I51487,PIL0035,Captain,2.5,2025-09-16 19:45:00,2025-09-16 21:45:00
I51487,PIL0060,First Officer,2.5,2025-09-16 19:45:00,2025-09-16 21:45:00
I51487,CAB0103,Senior Crew,2.3,2025-09-16 19:45:00,2025-09-16 21:45:00
I51487,CAB0117,Trainee,2.3,2025-09-16 19:45:00,2025-09-16 21:45:00
I53286,PIL0034,Captain,2.5,2025-09-15 13:15:00,2025-09-15 15:15:00
I53286,PIL0004,First Officer,2.5,2025-09-15 13:15:00,2025-09-15 15:15:00
I53286,CAB0180,Crew Member,2.3,2025-09-15 13:15:00,2025-09-15 15:15:00
I53286,CAB0090,Trainee,2.3,2025-09-15 13:15:00,2025-09-15 15:15:00
I5371,PIL0039,Captain,2.5,2025-09-15 15:15:00,2025-09-15 17:15:00
I5371,PIL0026,First Officer,2.5,2025-09-15 15:15:00,2025-09-15 17:15:00
I5371,CAB0106,Crew Member,2.3,2025-09-15 15:15:00,2025-09-15 17:15:00
I5371,CAB0139,Trainee,2.3,2025-09-15 15:15:00,2025-09-15 17:15:00
I54446,PIL0046,Captain,3.5,2025-09-19 07:45:00,2025-09-19 10:45:00
I54446,PIL0002,First Officer,3.5,2025-09-19 07:45:00,2025-09-19 10:45:00
I54446,CAB0194,Trainee,3.3,2025-09-19 07:45:00,2025-09-19 10:45:00
I54446,CAB0103,Senior Crew,3.3,2025-09-19 07:45:00,2025-09-19 10:45:00
I53740,PIL0030,Captain,3.5,2025-09-18 19:45:00,2025-09-18 22:45:00
I53740,PIL0041,First Officer,3.5,2025-09-18 19:45:00,2025-09-18 22:45:00
I53740,CAB0096,Crew Member,3.3,2025-09-18 19:45:00,2025-09-18 22:45:00
I53740,CAB0150,Trainee,3.3,2025-09-18 19:45:00,2025-09-18 22:45:00
I52808,PIL0048,Captain,3.5,2025-09-11 11:45:00,2025-09-11 14:45:00
I52808,PIL0018,First Officer,3.5,2025-09-11 11:45:00,2025-09-11 14:45:00
I52808,CAB0065,Trainee,3.3,2025-09-11 11:45:00,2025-09-11 14:45:00
I52808,CAB0132,Senior Crew,3.3,2025-09-11 11:45:00,2025-09-11 14:45:00
I56128,PIL0034,Captain,3.5,2025-09-10 18:45:00,2025-09-10 21:45:00
I56128,PIL0026,First Officer,3.5,2025-09-10 18:45:00,2025-09-10 21:45:00
I56128,CAB0195,Crew Member,3.3,2025-09-10 18:45:00,2025-09-10 21:45:00
I56128,CAB0134,Senior Crew,3.3,2025-09-10 18:45:00,2025-09-10 21:45:00
I53976,PIL0027,Captain,2.5,2025-09-16 06:45:00,2025-09-16 08:45:00
I53976,PIL0041,First Officer,2.5,2025-09-16 06:45:00,2025-09-16 08:45:00
I53976,CAB0086,Senior Crew,2.3,2025-09-16 06:45:00,2025-09-16 08:45:00
I53976,CAB0108,Crew Member,2.3,2025-09-16 06:45:00,2025-09-16 08:45:00
I54906,PIL0017,Captain,3.5,2025-09-16 10:15:00,2025-09-16 13:15:00
I54906,PIL0018,First Officer,3.5,2025-09-16 10:15:00,2025-09-16 13:15:00
I54906,CAB0163,Crew Member,3.3,2025-09-16 10:15:00,2025-09-16 13:15:00
I54906,CAB0166,Trainee,3.3,2025-09-16 10:15:00,2025-09-16 13:15:00
I56471,PIL0027,Captain,3.5,2025-09-08 20:45:00,2025-09-08 23:45:00
I56471,PIL0013,First Officer,3.5,2025-09-08 20:45:00,2025-09-08 23:45:00
I56471,CAB0072,Trainee,3.3,2025-09-08 20:45:00,2025-09-08 23:45:00
I56471,CAB0067,Crew Member,3.3,2025-09-08 20:45:00,2025-09-08 23:45:00
I58295,PIL0008,Captain,3.5,2025-09-12 06:15:00,2025-09-12 09:15:00
I58295,PIL0040,First Officer,3.5,2025-09-12 06:15:00,2025-09-12 09:15:00
I58295,CAB0086,Senior Crew,3.3,2025-09-12 06:15:00,2025-09-12 09:15:00
I58295,CAB0180,Crew Member,3.3,2025-09-12 06:15:00,2025-09-12 09:15:00
I54895,PIL0024,Captain,2.5,2025-09-17 18:15:00,2025-09-17 20:15:00
I54895,PIL0029,First Officer,2.5,2025-09-17 18:15:00,2025-09-17 20:15:00
I54895,CAB0086,Senior Crew,2.3,2025-09-17 18:15:00,2025-09-17 20:15:00
I54895,CAB0096,Crew Member,2.3,2025-09-17 18:15:00,2025-09-17 20:15:00
I59610,PIL0027,Captain,2.5,2025-09-09 18:15:00,2025-09-09 20:15:00
I59610,PIL0055,First Officer,2.5,2025-09-09 18:15:00,2025-09-09 20:15:00
I59610,CAB0173,Crew Member,2.3,2025-09-09 18:15:00,2025-09-09 20:15:00
I59610,CAB0133,Crew Member,2.3,2025-09-09 18:15:00,2025-09-09 20:15:00
6E8092,PIL0031,Captain,3.5,2025-09-17 13:15:00,2025-09-17 16:15:00
6E8092,PIL0042,First Officer,3.5,2025-09-17 13:15:00,2025-09-17 16:15:00
6E8092,CAB0126,Senior Crew,3.3,2025-09-17 13:15:00,2025-09-17 16:15:00
6E8092,CAB0143,Trainee,3.3,2025-09-17 13:15:00,2025-09-17 16:15:00
6E8092,CAB0140,Crew Member,3.3,2025-09-17 13:15:00,2025-09-17 16:15:00
6E8092,CAB0088,Crew Member,3.3,2025-09-17 13:15:00,2025-09-17 16:15:00
6E7794,PIL0005,Captain,2.5,2025-09-10 18:15:00,2025-09-10 20:15:00
6E7794,PIL0032,First Officer,2.5,2025-09-10 18:15:00,2025-09-10 20:15:00
6E7794,CAB0112,Trainee,2.3,2025-09-10 18:15:00,2025-09-10 20:15:00
6E7794,CAB0198,Senior Crew,2.3,2025-09-10 18:15:00,2025-09-10 20:15:00
6E7794,CAB0168,Crew Member,2.3,2025-09-10 18:15:00,2025-09-10 20:15:00
6E7794,CAB0084,Trainee,2.3,2025-09-10 18:15:00,2025-09-10 20:15:00
6E5726,PIL0030,Captain,3.5,2025-09-18 11:30:00,2025-09-18 14:30:00
6E5726,PIL0058,First Officer,3.5,2025-09-18 11:30:00,2025-09-18 14:30:00
6E5726,CAB0127,Senior Crew,3.3,2025-09-18 11:30:00,2025-09-18 14:30:00
6E5726,CAB0126,Senior Crew,3.3,2025-09-18 11:30:00,2025-09-18 14:30:00
6E5726,CAB0199,Trainee,3.3,2025-09-18 11:30:00,2025-09-18 14:30:00
6E5726,CAB0136,Crew Member,3.3,2025-09-18 11:30:00,2025-09-18 14:30:00
6E1050,PIL0012,Captain,3.5,2025-09-10 11:15:00,2025-09-10 14:15:00
6E1050,PIL0042,First Officer,3.5,2025-09-10 11:15:00,2025-09-10 14:15:00
6E1050,CAB0175,Senior Crew,3.3,2025-09-10 11:15:00,2025-09-10 14:15:00
6E1050,CAB0083,Senior Crew,3.3,2025-09-10 11:15:00,2025-09-10 14:15:00
6E1050,CAB0076,Senior Crew,3.3,2025-09-10 11:15:00,2025-09-10 14:15:00
6E1050,CAB0099,Trainee,3.3,2025-09-10 11:15:00,2025-09-10 14:15:00
6E6383,PIL0043,Captain,3.5,2025-09-16 19:45:00,2025-09-16 22:45:00
6E6383,PIL0045,First Officer,3.5,2025-09-16 19:45:00,2025-09-16 22:45:00
6E6383,CAB0071,Senior Crew,3.3,2025-09-16 19:45:00,2025-09-16 22:45:00
6E6383,CAB0086,Senior Crew,3.3,2025-09-16 19:45:00,2025-09-16 22:45:00
6E6383,CAB0184,Trainee,3.3,2025-09-16 19:45:00,2025-09-16 22:45:00
6E6383,CAB0174,Trainee,3.3,2025-09-16 19:45:00,2025-09-16 22:45:00
6E2164,PIL0049,Captain,3.5,2025-09-08 17:45:00,2025-09-08 20:45:00
6E2164,PIL0009,First Officer,3.5,2025-09-08 17:45:00,2025-09-08 20:45:00
6E2164,CAB0149,Trainee,3.3,2025-09-08 17:45:00,2025-09-08 20:45:00
6E2164,CAB0095,Trainee,3.3,2025-09-08 17:45:00,2025-09-08 20:45:00
6E2164,CAB0101,Crew Member,3.3,2025-09-08 17:45:00,2025-09-08 20:45:00
6E2164,CAB0170,Crew Member,3.3,2025-09-08 17:45:00,2025-09-08 20:45:00
6E8723,PIL0031,Captain,2.5,2025-09-20 20:00:00,2025-09-20 22:00:00
6E8723,PIL0058,First Officer,2.5,2025-09-20 20:00:00,2025-09-20 22:00:00
6E8723,CAB0196,Crew Member,2.3,2025-09-20 20:00:00,2025-09-20 22:00:00
6E8723,CAB0185,Crew Member,2.3,2025-09-20 20:00:00,2025-09-20 22:00:00
6E8723,CAB0161,Crew Member,2.3,2025-09-20 20:00:00,2025-09-20 22:00:00
6E8723,CAB0170,Crew Member,2.3,2025-09-20 20:00:00,2025-09-20 22:00:00
6E2013,PIL0048,Captain,3.5,2025-09-17 15:30:00,2025-09-17 18:30:00
6E2013,PIL0032,First Officer,3.5,2025-09-17 15:30:00,2025-09-17 18:30:00
6E2013,CAB0181,Trainee,3.3,2025-09-17 15:30:00,2025-09-17 18:30:00
6E2013,CAB0194,Trainee,3.3,2025-09-17 15:30:00,2025-09-17 18:30:00
6E2013,CAB0169,Senior Crew,3.3,2025-09-17 15:30:00,2025-09-17 18:30:00
6E2013,CAB0190,Crew Member,3.3,2025-09-17 15:30:00,2025-09-17 18:30:00
6E2013,CAB0198,Senior Crew,3.3,2025-09-17 15:30:00,2025-09-17 18:30:00
6E7661,PIL0035,Captain,2.5,2025-09-11 19:30:00,2025-09-11 21:30:00
6E7661,PIL0021,First Officer,2.5,2025-09-11 19:30:00,2025-09-11 21:30:00
6E7661,CAB0168,Crew Member,2.3,2025-09-11 19:30:00,2025-09-11 21:30:00
6E7661,CAB0147,Crew Member,2.3,2025-09-11 19:30:00,2025-09-11 21:30:00
6E7661,CAB0118,Crew Member,2.3,2025-09-11 19:30:00,2025-09-11 21:30:00
6E7661,CAB0122,Crew Member,2.3,2025-09-11 19:30:00,2025-09-11 21:30:00
6E7661,CAB0088,Crew Member,2.3,2025-09-11 19:30:00,2025-09-11 21:30:00
6E1431,PIL0034,Captain,3.5,2025-09-07 13:30:00,2025-09-07 16:30:00
6E1431,PIL0041,First Officer,3.5,2025-09-07 13:30:00,2025-09-07 16:30:00
6E1431,CAB0083,Senior Crew,3.3,2025-09-07 13:30:00,2025-09-07 16:30:00
6E1431,CAB0197,Trainee,3.3,2025-09-07 13:30:00,2025-09-07 16:30:00
6E1431,CAB0065,Trainee,3.3,2025-09-07 13:30:00,2025-09-07 16:30:00
6E1431,CAB0163,Crew Member,3.3,2025-09-07 13:30:00,2025-09-07 16:30:00
6E1431,CAB0189,Crew Member,3.3,2025-09-07 13:30:00,2025-09-07 16:30:00
6E8534,PIL0007,Captain,3.5,2025-09-10 13:30:00,2025-09-10 16:30:00
6E8534,PIL0003,First Officer,3.5,2025-09-10 13:30:00,2025-09-10 16:30:00
6E8534,CAB0131,Crew Member,3.3,2025-09-10 13:30:00,2025-09-10 16:30:00
6E8534,CAB0184,Trainee,3.3,2025-09-10 13:30:00,2025-09-10 16:30:00
6E8534,CAB0191,Senior Crew,3.3,2025-09-10 13:30:00,2025-09-10 16:30:00
6E8534,CAB0103,Senior Crew,3.3,2025-09-10 13:30:00,2025-09-10 16:30:00
6E8534,CAB0099,Trainee,3.3,2025-09-10 13:30:00,2025-09-10 16:30:00
6E9005,PIL0039,Captain,3.5,2025-09-07 12:15:00,2025-09-07 15:15:00
6E9005,PIL0025,First Officer,3.5,2025-09-07 12:15:00,2025-09-07 15:15:00
6E9005,CAB0067,Crew Member,3.3,2025-09-07 12:15:00,2025-09-07 15:15:00
6E9005,CAB0111,Senior Crew,3.3,2025-09-07 12:15:00,2025-09-07 15:15:00
6E9005,CAB0147,Crew Member,3.3,2025-09-07 12:15:00,2025-09-07 15:15:00
6E9005,CAB0116,Senior Crew,3.3,2025-09-07 12:15:00,2025-09-07 15:15:00
6E9005,CAB0112,Trainee,3.3,2025-09-07 12:15:00,2025-09-07 15:15:00
6E2932,PIL0050,Captain,2.5,2025-09-14 11:30:00,2025-09-14 13:30:00
6E2932,PIL0060,First Officer,2.5,2025-09-14 11:30:00,2025-09-14 13:30:00
6E2932,CAB0101,Crew Member,2.3,2025-09-14 11:30:00,2025-09-14 13:30:00
6E2932,CAB0139,Trainee,2.3,2025-09-14 11:30:00,2025-09-14 13:30:00
6E2932,CAB0178,Senior Crew,2.3,2025-09-14 11:30:00,2025-09-14 13:30:00
6E2932,CAB0185,Crew Member,2.3,2025-09-14 11:30:00,2025-09-14 13:30:00
6E2932,CAB0078,Senior Crew,2.3,2025-09-14 11:30:00,2025-09-14 13:30:00
6E5896,PIL0057,Captain,2.5,2025-09-16 17:30:00,2025-09-16 19:30:00
6E5896,PIL0023,First Officer,2.5,2025-09-16 17:30:00,2025-09-16 19:30:00
6E5896,CAB0190,Crew Member,2.3,2025-09-16 17:30:00,2025-09-16 19:30:00
6E5896,CAB0173,Crew Member,2.3,2025-09-16 17:30:00,2025-09-16 19:30:00
6E5896,CAB0196,Crew Member,2.3,2025-09-16 17:30:00,2025-09-16 19:30:00
6E5896,CAB0081,Trainee,2.3,2025-09-16 17:30:00,2025-09-16 19:30:00
6E5896,CAB0123,Senior Crew,2.3,2025-09-16 17:30:00,2025-09-16 19:30:00
6E2443,PIL0054,Captain,2.5,2025-09-15 18:30:00,2025-09-15 20:30:00
6E2443,PIL0014,First Officer,2.5,2025-09-15 18:30:00,2025-09-15 20:30:00
6E2443,CAB0075,Crew Member,2.3,2025-09-15 18:30:00,2025-09-15 20:30:00
6E2443,CAB0081,Trainee,2.3,2025-09-15 18:30:00,2025-09-15 20:30:00
6E2443,CAB0167,Senior Crew,2.3,2025-09-15 18:30:00,2025-09-15 20:30:00
6E2443,CAB0118,Crew Member,2.3,2025-09-15 18:30:00,2025-09-15 20:30:00
6E2443,CAB0159,Senior Crew,2.3,2025-09-15 18:30:00,2025-09-15 20:30:00
6E2006,PIL0015,Captain,2.5,2025-09-13 12:45:00,2025-09-13 14:45:00
6E2006,PIL0025,First Officer,2.5,2025-09-13 12:45:00,2025-09-13 14:45:00
6E2006,CAB0197,Trainee,2.3,2025-09-13 12:45:00,2025-09-13 14:45:00
6E2006,CAB0190,Crew Member,2.3,2025-09-13 12:45:00,2025-09-13 14:45:00
6E2006,CAB0110,Crew Member,2.3,2025-09-13 12:45:00,2025-09-13 14:45:00
6E2006,CAB0103,Senior Crew,2.3,2025-09-13 12:45:00,2025-09-13 14:45:00
6E2006,CAB0140,Crew Member,2.3,2025-09-13 12:45:00,2025-09-13 14:45:00
6E2006,CAB0158,Trainee,2.3,2025-09-13 12:45:00,2025-09-13 14:45:00
6E5911,PIL0035,Captain,3.5,2025-09-14 11:15:00,2025-09-14 14:15:00
6E5911,PIL0053,First Officer,3.5,2025-09-14 11:15:00,2025-09-14 14:15:00
6E5911,CAB0197,Trainee,3.3,2025-09-14 11:15:00,2025-09-14 14:15:00
6E5911,CAB0187,Trainee,3.3,2025-09-14 11:15:00,2025-09-14 14:15:00
6E5911,CAB0077,Crew Member,3.3,2025-09-14 11:15:00,2025-09-14 14:15:00
6E5911,CAB0189,Crew Member,3.3,2025-09-14 11:15:00,2025-09-14 14:15:00
6E5911,CAB0174,Trainee,3.3,2025-09-14 11:15:00,2025-09-14 14:15:00
6E5911,CAB0128,Senior Crew,3.3,2025-09-14 11:15:00,2025-09-14 14:15:00
6E5333,PIL0044,Captain,3.5,2025-09-20 18:30:00,2025-09-20 21:30:00
6E5333,PIL0060,First Officer,3.5,2025-09-20 18:30:00,2025-09-20 21:30:00
6E5333,CAB0181,Trainee,3.3,2025-09-20 18:30:00,2025-09-20 21:30:00
6E5333,CAB0177,Senior Crew,3.3,2025-09-20 18:30:00,2025-09-20 21:30:00
6E5333,CAB0149,Trainee,3.3,2025-09-20 18:30:00,2025-09-20 21:30:00
6E5333,CAB0152,Crew Member,3.3,2025-09-20 18:30:00,2025-09-20 21:30:00
6E5333,CAB0130,Crew Member,3.3,2025-09-20 18:30:00,2025-09-20 21:30:00
6E5333,CAB0078,Senior Crew,3.3,2025-09-20 18:30:00,2025-09-20 21:30:00
6E2292,PIL0005,Captain,2.5,2025-09-13 07:15:00,2025-09-13 09:15:00
6E2292,PIL0021,First Officer,2.5,2025-09-13 07:15:00,2025-09-13 09:15:00
6E2292,CAB0155,Crew Member,2.3,2025-09-13 07:15:00,2025-09-13 09:15:00
6E2292,CAB0153,Crew Member,2.3,2025-09-13 07:15:00,2025-09-13 09:15:00
6E2292,CAB0087,Crew Member,2.3,2025-09-13 07:15:00,2025-09-13 09:15:00
6E2292,CAB0144,Crew Member,2.3,2025-09-13 07:15:00,2025-09-13 09:15:00
6E2292,CAB0168,Crew Member,2.3,2025-09-13 07:15:00,2025-09-13 09:15:00
6E2292,CAB0146,Trainee,2.3,2025-09-13 07:15:00,2025-09-13 09:15:00
6E5209,PIL0038,Captain,3.5,2025-09-20 13:00:00,2025-09-20 16:00:00
6E5209,PIL0029,First Officer,3.5,2025-09-20 13:00:00,2025-09-20 16:00:00
6E5209,CAB0186,Senior Crew,3.3,2025-09-20 13:00:00,2025-09-20 16:00:00
6E5209,CAB0079,Trainee,3.3,2025-09-20 13:00:00,2025-09-20 16:00:00
6E5209,CAB0094,Senior Crew,3.3,2025-09-20 13:00:00,2025-09-20 16:00:00
6E5209,CAB0137,Crew Member,3.3,2025-09-20 13:00:00,2025-09-20 16:00:00
6E5209,CAB0125,Senior Crew,3.3,2025-09-20 13:00:00,2025-09-20 16:00:00
6E5209,CAB0091,Crew Member,3.3,2025-09-20 13:00:00,2025-09-20 16:00:00
6E932,PIL0039,Captain,2.5,2025-09-09 13:30:00,2025-09-09 15:30:00
6E932,PIL0058,First Officer,2.5,2025-09-09 13:30:00,2025-09-09 15:30:00
6E932,CAB0133,Crew Member,2.3,2025-09-09 13:30:00,2025-09-09 15:30:00
6E932,CAB0160,Trainee,2.3,2025-09-09 13:30:00,2025-09-09 15:30:00
6E932,CAB0101,Crew Member,2.3,2025-09-09 13:30:00,2025-09-09 15:30:00
6E932,CAB0087,Crew Member,2.3,2025-09-09 13:30:00,2025-09-09 15:30:00
6E932,CAB0168,Crew Member,2.3,2025-09-09 13:30:00,2025-09-09 15:30:00
6E932,CAB0079,Trainee,2.3,2025-09-09 13:30:00,2025-09-09 15:30:00
6E9862,PIL0024,Captain,3.5,2025-09-18 21:00:00,2025-09-19 00:00:00
6E9862,PIL0010,First Officer,3.5,2025-09-18 21:00:00,2025-09-19 00:00:00
6E9862,CAB0078,Senior Crew,3.3,2025-09-18 21:00:00,2025-09-19 00:00:00
6E9862,CAB0110,Crew Member,3.3,2025-09-18 21:00:00,2025-09-19 00:00:00
6E9862,CAB0168,Crew Member,3.3,2025-09-18 21:00:00,2025-09-19 00:00:00
6E9862,CAB0119,Senior Crew,3.3,2025-09-18 21:00:00,2025-09-19 00:00:00
6E9862,CAB0164,Trainee,3.3,2025-09-18 21:00:00,2025-09-19 00:00:00
6E9862,CAB0107,Trainee,3.3,2025-09-18 21:00:00,2025-09-19 00:00:00
6E9710,PIL0054,Captain,3.5,2025-09-14 17:30:00,2025-09-14 20:30:00
6E9710,PIL0014,First Officer,3.5,2025-09-14 17:30:00,2025-09-14 20:30:00
6E9710,CAB0191,Senior Crew,3.3,2025-09-14 17:30:00,2025-09-14 20:30:00
6E9710,CAB0097,Crew Member,3.3,2025-09-14 17:30:00,2025-09-14 20:30:00
6E9710,CAB0119,Senior Crew,3.3,2025-09-14 17:30:00,2025-09-14 20:30:00
6E9710,CAB0138,Trainee,3.3,2025-09-14 17:30:00,2025-09-14 20:30:00
6E9710,CAB0096,Crew Member,3.3,2025-09-14 17:30:00,2025-09-14 20:30:00
6E9710,CAB0139,Trainee,3.3,2025-09-14 17:30:00,2025-09-14 20:30:00
